{"years": [2022, 2025, 2030, 2035, 2040, 2045, 2050], "age_groups": ["Under 5", "5-13", "14-17", "18-24", "25-44", "45-64", "65-84", "85+"], "male": {"Under 5": [9475.0, 9358.0, 9419.0, 9436.0, 9356.0, 9168.0, 8966.0], "5-13": [18678.0, 18213.0, 17480.0, 17365.0, 17420.0, 17361.0, 17110.0], "14-17": [8921.0, 8719.0, 8429.0, 7920.0, 7868.0, 7920.0, 7924.0], "18-24": [16019.0, 15975.0, 15706.0, 15160.0, 14550.0, 14244.0, 14362.0], "25-44": [45310.0, 46221.0, 47233.0, 47849.0, 47716.0, 47227.0, 46201.0], "45-64": [40952.0, 40463.0, 40302.0, 41382.0, 43198.0, 44994.0, 46299.0], "65-84": [23645.0, 26007.0, 29001.0, 30027.0, 30097.0, 29851.0, 30419.0], "85+": [2284.0, 2588.0, 3287.0, 4394.0, 5393.0, 6326.0, 6917.0]}, "female": {"Under 5": [9063.0, 8945.0, 9002.0, 9018.0, 8942.0, 8763.0, 8569.0], "5-13": [17818.0, 17400.0, 16698.0, 16587.0, 16641.0, 16586.0, 16347.0], "14-17": [8495.0, 8301.0, 8058.0, 7573.0, 7518.0, 7569.0, 7574.0], "18-24": [15310.0, 15302.0, 15004.0, 14513.0, 13949.0, 13656.0, 13771.0], "25-44": [43887.0, 44767.0, 45824.0, 46422.0, 46352.0, 45970.0, 44969.0], "45-64": [41566.0, 41026.0, 40734.0, 41807.0, 43504.0, 45149.0, 46417.0], "65-84": [27664.0, 30272.0, 33623.0, 34623.0, 34521.0, 34031.0, 34337.0], "85+": [4202.0, 4459.0, 5272.0, 6785.0, 8283.0, 9624.0, 10458.0]}, "total": [333288.0, 338016.0, 345074.0, 350861.0, 355309.0, 358438.0, 360639.0], "total_65plus": [57795.0, 63327.0, 71183.0, 75828.0, 78294.0, 79832.0, 82130.0], "total_85plus": [6486.0, 7047.0, 8560.0, 11179.0, 13676.0, 15950.0, 17375.0], "pct_65plus": [17.34, 18.73, 20.63, 21.61, 22.04, 22.27, 22.77], "pct_85plus": [1.95, 2.08, 2.48, 3.19, 3.85, 4.45, 4.82], "total_groups": {"Under 5": [18538.0, 18303.0, 18421.0, 18454.0, 18298.0, 17931.0, 17535.0], "5-13": [36496.0, 35613.0, 34178.0, 33952.0, 34061.0, 33947.0, 33457.0], "14-17": [17416.0, 17020.0, 16487.0, 15493.0, 15386.0, 15489.0, 15498.0], "18-24": [31329.0, 31277.0, 30710.0, 29673.0, 28499.0, 27900.0, 28133.0], "25-44": [89197.0, 90988.0, 93057.0, 94271.0, 94068.0, 93197.0, 91170.0], "45-64": [82518.0, 81489.0, 81036.0, 83189.0, 86702.0, 90143.0, 92716.0], "65-84": [51309.0, 56279.0, 62624.0, 64650.0, 64618.0, 63882.0, 64756.0], "85+": [6486.0, 7047.0, 8559.0, 11179.0, 13676.0, 15950.0, 17375.0], "5-17": [53912.0, 52633.0, 50665.0, 49445.0, 49447.0, 49436.0, 48955.0], "65+": [57795.0, 63326.0, 71183.0, 75829.0, 78294.0, 79832.0, 82131.0]}, "pct_under5": [5.5621564532776455, 5.414832433967623, 5.338275268493135, 5.2596327320505845, 5.149883622424425, 5.002538793319904, 4.862202923144752], "pct_85plus_calc": [1.946064664794412, 2.084812553251917, 2.480337550786208, 3.1861620413782097, 3.8490440714983296, 4.449863016756036, 4.817837227809527]}